{
    "root_group": {
        "path": "",
        "id": "d41d8cd98f00b204e9800998ecf8427e",
        "groups": {},
        "checks": {
                "Add: status was 200": {
                    "path": "::Add: status was 200",
                    "id": "2ca6c7e4541c3adc4de846777fc7077e",
                    "passes": 1,
                    "fails": 0,
                    "name": "Add: status was 200"
                },
                "Get: status was 200": {
                    "name": "Get: status was 200",
                    "path": "::Get: status was 200",
                    "id": "b759ecdfddb0cb0a3df76d24d2a4633a",
                    "passes": 1,
                    "fails": 0
                },
                "Get: body contains testValue": {
                    "name": "Get: body contains testValue",
                    "path": "::Get: body contains testValue",
                    "id": "944a8840b9d2443c163c5f4f3fefd179",
                    "passes": 1,
                    "fails": 0
                },
                "List: status was 200": {
                    "path": "::List: status was 200",
                    "id": "1b82c0e61a1eaec7a5b566cac51bc451",
                    "passes": 1,
                    "fails": 0,
                    "name": "List: status was 200"
                }
            },
        "name": ""
    },
    "metrics": {
        "http_req_tls_handshaking": {
            "avg": 0,
            "min": 0,
            "med": 0,
            "max": 0,
            "p(90)": 0,
            "p(95)": 0
        },
        "http_req_duration{expected_response:true}": {
            "avg": 0.5325216666666667,
            "min": 0.403694,
            "med": 0.572289,
            "max": 0.621582,
            "p(90)": 0.6117234,
            "p(95)": 0.6166526999999999
        },
        "http_req_receiving": {
            "med": 0.148177,
            "max": 0.328393,
            "p(90)": 0.2923498,
            "p(95)": 0.31037139999999996,
            "avg": 0.19145733333333334,
            "min": 0.097802
        },
        "http_req_sending": {
            "p(90)": 0.0654144,
            "p(95)": 0.06663569999999999,
            "avg": 0.04438966666666666,
            "min": 0.009668,
            "med": 0.055644,
            "max": 0.067857
        },
        "data_sent": {
            "count": 290,
            "rate": 85495.76191611923
        },
        "http_req_duration": {
            "p(95)": 0.6166526999999999,
            "avg": 0.5325216666666667,
            "min": 0.403694,
            "med": 0.572289,
            "max": 0.621582,
            "p(90)": 0.6117234
        },
        "http_req_connecting": {
            "p(95)": 0.1961712,
            "avg": 0.072656,
            "min": 0,
            "med": 0,
            "max": 0.217968,
            "p(90)": 0.1743744
        },
        "iteration_duration": {
            "max": 3.125403,
            "p(90)": 3.125403,
            "p(95)": 3.125403,
            "avg": 3.125403,
            "min": 3.125403,
            "med": 3.125403
        },
        "http_req_blocked": {
            "med": 0.010569,
            "max": 0.462555,
            "p(90)": 0.37215780000000004,
            "p(95)": 0.41735639999999996,
            "avg": 0.15859966666666667,
            "min": 0.002675
        },
        "data_received": {
            "count": 438,
            "rate": 129128.08179055247
        },
        "http_req_waiting": {
            "p(95)": 0.3997884,
            "avg": 0.29667466666666664,
            "min": 0.234228,
            "med": 0.238035,
            "max": 0.417761,
            "p(90)": 0.38181580000000004
        },
        "checks": {
            "fails": 0,
            "passes": 4,
            "value": 1
        },
        "iterations": {
            "count": 1,
            "rate": 294.81297212454905
        },
        "http_req_failed": {
            "passes": 0,
            "fails": 3,
            "value": 0
        },
        "http_reqs": {
            "count": 3,
            "rate": 884.4389163736471
        }
    }
}